{
    "metrics": {
        "http_req_waiting": {
            "p(90)": 5.616460000000002,
            "p(95)": 6.3085450000000005,
            "p(99)": 7.383700999999998,
            "avg": 3.290291333333332,
            "min": 0.5059,
            "max": 8.0576
        },
        "http_req_blocked": {
            "p(95)": 0,
            "p(99)": 9.0839,
            "avg": 0.304516,
            "min": 0,
            "max": 9.0839,
            "p(90)": 0
        },
        "http_req_receiving": {
            "p(95)": 0.533625,
            "p(99)": 0.668533999999999,
            "avg": 0.07158733333333332,
            "min": 0,
            "max": 1.3289,
            "p(90)": 0.3424900000000001
        },
        "vus_max": {
            "value": 10,
            "min": 10,
            "max": 10
        },
        "http_req_duration": {
            "p(95)": 6.449175,
            "p(99)": 7.3840429999999975,
            "avg": 3.3648459999999987,
            "min": 0.5059,
            "max": 8.0576,
            "p(90)": 5.742640000000001
        },
        "data_sent": {
            "count": 25200,
            "rate": 831.6436583813122
        },
        "data_received": {
            "rate": 2277.119540805974,
            "count": 69000
        },
        "iterations": {
            "count": 300,
            "rate": 9.90051974263467
        },
        "http_req_connecting": {
            "avg": 0,
            "min": 0,
            "max": 0,
            "p(90)": 0,
            "p(95)": 0,
            "p(99)": 0
        },
        "iteration_duration": {
            "p(99)": 1016.1407,
            "avg": 1010.0057530000022,
            "min": 1003.4101,
            "max": 1016.1407,
            "p(90)": 1012.75842,
            "p(95)": 1013.831
        },
        "http_req_sending": {
            "p(95)": 0,
            "p(99)": 0.00222099999999798,
            "avg": 0.002967333333333333,
            "min": 0,
            "max": 0.446,
            "p(90)": 0
        },
        "http_req_tls_handshaking": {
            "avg": 0,
            "min": 0,
            "max": 0,
            "p(90)": 0,
            "p(95)": 0,
            "p(99)": 0
        },
        "vus": {
            "max": 10,
            "value": 10,
            "min": 10
        },
        "http_reqs": {
            "count": 300,
            "rate": 9.90051974263467
        },
        "http_req_duration{expected_response:true}": {
            "p(90)": 5.742640000000001,
            "p(95)": 6.449175,
            "p(99)": 7.3840429999999975,
            "avg": 3.3648459999999987,
            "min": 0.5059,
            "max": 8.0576
        },
        "http_req_failed": {
            "passes": 0,
            "fails": 300,
            "value": 0
        }
    },
    "root_group": {
        "path": "",
        "id": "d41d8cd98f00b204e9800998ecf8427e",
        "groups": {},
        "checks": {},
        "name": ""
    }
}