{
    "metrics": {
        "data_received": {
            "count": 69000,
            "rate": 2279.3606024848227
        },
        "vus_max": {
            "value": 10,
            "min": 10,
            "max": 10
        },
        "http_req_sending": {
            "p(95)": 0,
            "p(99)": 0,
            "avg": 0,
            "min": 0,
            "max": 0,
            "p(90)": 0
        },
        "http_req_duration": {
            "p(95)": 5.0164800000000005,
            "p(99)": 5.888197999999998,
            "avg": 2.642679,
            "min": 0.5097,
            "max": 6.2023,
            "p(90)": 4.425450000000001
        },
        "http_req_duration{expected_response:true}": {
            "max": 6.2023,
            "p(90)": 4.425450000000001,
            "p(95)": 5.0164800000000005,
            "p(99)": 5.888197999999998,
            "avg": 2.642679,
            "min": 0.5097
        },
        "http_req_failed": {
            "passes": 0,
            "fails": 300,
            "value": 0
        },
        "vus": {
            "value": 10,
            "min": 10,
            "max": 10
        },
        "iterations": {
            "count": 300,
            "rate": 9.910263489064446
        },
        "http_req_blocked": {
            "min": 0,
            "max": 9.5475,
            "p(90)": 0,
            "p(95)": 0,
            "p(99)": 9.5475,
            "avg": 0.31825
        },
        "iteration_duration": {
            "min": 1003.4347,
            "max": 1017.3572,
            "p(90)": 1013.77183,
            "p(95)": 1014.8761,
            "p(99)": 1017.3572,
            "avg": 1009.0527160000031
        },
        "http_req_connecting": {
            "p(95)": 0,
            "p(99)": 0.5425,
            "avg": 0.016945,
            "min": 0,
            "max": 0.5425,
            "p(90)": 0
        },
        "http_req_receiving": {
            "avg": 0.06247199999999999,
            "min": 0,
            "max": 0.7529,
            "p(90)": 0.3050000000000003,
            "p(95)": 0.51452,
            "p(99)": 0.5612599999999994
        },
        "http_req_waiting": {
            "p(90)": 4.425450000000001,
            "p(95)": 4.91973,
            "p(99)": 5.499911999999998,
            "avg": 2.580207000000002,
            "min": 0.5097,
            "max": 6.0572
        },
        "http_req_tls_handshaking": {
            "p(90)": 0,
            "p(95)": 0,
            "p(99)": 0,
            "avg": 0,
            "min": 0,
            "max": 0
        },
        "data_sent": {
            "count": 25200,
            "rate": 832.4621330814135
        },
        "http_reqs": {
            "count": 300,
            "rate": 9.910263489064446
        }
    },
    "root_group": {
        "name": "",
        "path": "",
        "id": "d41d8cd98f00b204e9800998ecf8427e",
        "groups": {},
        "checks": {}
    }
}